{
  "model_type": "LinearRegression",
  "features": [
    "return_1",
    "return_2",
    "price_to_ma5",
    "price_to_ma20",
    "volatility_5",
    "volatility_10",
    "volume_ratio",
    "rsi",
    "price_range",
    "body_size"
  ],
  "training_date": "2025-12-20T03:27:20.394639+00:00",
  "training_days": 30,
  "train_samples": 96732,
  "test_samples": 24102,
  "metrics": {
    "train_rmse": 0.23144300135261003,
    "train_mae": 0.1528656768677649,
    "train_r2": 0.0007719644453423324,
    "test_rmse": 0.2328055885552696,
    "test_mae": 0.15221236495853793,
    "test_r2": 0.00046653733852564105
  },
  "coefficients": {
    "return_1": -0.0020438715926529264,
    "return_2": -0.0028421925147323526,
    "price_to_ma5": 0.0007276541712806056,
    "price_to_ma20": 0.003762098494480344,
    "volatility_5": 0.0004979508488919883,
    "volatility_10": 0.00015095762098578562,
    "volume_ratio": -0.0013173951615727565,
    "rsi": -0.0008163926874471569,
    "price_range": 0.0003938088117340127,
    "body_size": 0.00039777011037546455
  },
  "intercept": -0.0019660044946657766,
  "scaler_mean": {
    "return_1": -0.0017439112046041658,
    "return_2": -0.0033205935636654886,
    "price_to_ma5": -0.0038647417928426046,
    "price_to_ma20": -0.018169201532824465,
    "volatility_5": 8.071006404013865,
    "volatility_10": 11.129816694400603,
    "volume_ratio": 1.0072129374854897,
    "rsi": 49.38937378348659,
    "price_range": 13.107378614212447,
    "body_size": -0.039512987532565214
  },
  "scaler_std": {
    "return_1": 0.2336822176047568,
    "return_2": 0.3272200441012612,
    "price_to_ma5": 0.2530921744447732,
    "price_to_ma20": 0.5925556249230207,
    "volatility_5": 37.08101418041705,
    "volatility_10": 50.38961228982285,
    "volume_ratio": 0.6209768611367956,
    "rsi": 16.0489444204529,
    "price_range": 58.134711810389916,
    "body_size": 38.01102333921282
  }
}